{"offsets": {"land": {"x": 19.0, "y": 17.5, "z": 95.56255340576172}, "house": [{"x": -12.0, "y": -5.5, "z": 95.56255340576172}, {"x": -12.0, "y": 2.5, "z": 95.56255340576172}]}, "meta": {"street_name": "Avenue Winston Churchill", "house_number": "15", "postal_code": 1330, "city_name": "Rixensart", "x": 4.53948962286068, "y": 50.705137082429246}, "details": {"area_property": 667.9187, "area_building": 122.3162}}